201401,2014-06-12T17:00,Brazil,Croatia,3,1,A,Arena de Sao Paulo,Sao Paulo
201402,2014-06-13T13:00,Mexico,Cameroon,1,0,A,Estadio das Dunas,Natal
201403,2014-06-13T16:00,Spain,Netherlands,1,5,B,Arena Fonte Nova,Salvador
201404,2014-06-13T18:00,Chile,Australia,3,1,B,Arena Pantanal,Cuiaba
201405,2014-06-14T13:00,Colombia,Greece,3,0,C,Estadio Mineirao,Belo Horizonte
201407,2014-06-14T16:00,Uruguay,Costa Rica,1,3,D,Estadio Castelao,Fortaleza
201408,2014-06-14T18:00,England,Italy,1,2,D,Arena Amazonia,Manaus
201406,2014-06-14T22:00,Côte d'Ivoire,Japan,2,1,C,Arena Pernambuco,Recife
201409,2014-06-15T13:00,Switzerland,Ecuador,2,1,E,Estadio Nacional,Brasilia
201410,2014-06-15T16:00,France,Honduras,3,0,E,Estadio Beira-Rio,Porto Alegre
201411,2014-06-15T19:00,Argentina,Bosnia and Herzegovina,2,1,F,Estadio do Maracana,Rio De Janeiro
201413,2014-06-16T13:00,Germany,Portugal,4,0,G,Arena Fonte Nova,Salvador
201412,2014-06-16T16:00,IR Iran,Nigeria,0,0,F,Arena da Baixada,Curitiba
201414,2014-06-16T19:00,Ghana,USA,1,2,G,Estadio das Dunas,Natal
201415,2014-06-17T13:00,Belgium,Algeria,2,1,H,Estadio Mineirao,Belo Horizonte
201417,2014-06-17T16:00,Brazil,Mexico,0,0,A,Estadio Castelao,Fortaleza
201416,2014-06-17T18:00,Russia,Korea Republic,1,1,H,Arena Pantanal,Cuiaba
201420,2014-06-18T13:00,Australia,Netherlands,2,3,B,Estadio Beira-Rio,Porto Alegre
201419,2014-06-18T16:00,Spain,Chile,0,2,B,Estadio do Maracana,Rio De Janeiro
201418,2014-06-18T18:00,Cameroon,Croatia,0,4,A,Arena Amazonia,Manaus
201421,2014-06-19T13:00,Colombia,Côte d'Ivoire,2,1,C,Estadio Nacional,Brasilia
201423,2014-06-19T16:00,Uruguay,England,2,1,D,Arena de Sao Paulo,Sao Paulo
201422,2014-06-19T19:00,Japan,Greece,0,0,C,Estadio das Dunas,Natal
201424,2014-06-20T13:00,Italy,Costa Rica,0,1,D,Arena Pernambuco,Recife
201425,2014-06-20T16:00,Switzerland,France,2,5,E,Arena Fonte Nova,Salvador
201426,2014-06-20T19:00,Honduras,Ecuador,1,2,E,Arena da Baixada,Curitiba
201427,2014-06-21T13:00,Argentina,IR Iran,1,0,F,Estadio Mineirao,Belo Horizonte
201429,2014-06-21T16:00,Germany,Ghana,2,2,G,Estadio Castelao,Fortaleza
201428,2014-06-21T18:00,Nigeria,Bosnia and Herzegovina,1,0,F,Arena Pantanal,Cuiaba
201431,2014-06-22T13:00,Belgium,Russia,1,0,H,Estadio do Maracana,Rio De Janeiro
201432,2014-06-22T16:00,Korea Republic,Algeria,2,4,H,Estadio Beira-Rio,Porto Alegre
201430,2014-06-22T18:00,USA,Portugal,2,2,G,Arena Amazonia,Manaus
201435,2014-06-23T13:00,Australia,Spain,0,3,B,Arena da Baixada,Curitiba
201436,2014-06-23T13:00,Netherlands,Chile,2,0,B,Arena de Sao Paulo,Sao Paulo
201433,2014-06-23T17:00,Cameroon,Brazil,1,4,A,Estadio Nacional,Brasilia
201434,2014-06-23T17:00,Croatia,Mexico,1,3,A,Arena Pernambuco,Recife
201439,2014-06-24T13:00,Italy,Uruguay,0,1,D,Estadio das Dunas,Natal
201440,2014-06-24T13:00,Costa Rica,England,0,0,D,Estadio Mineirao,Belo Horizonte
201437,2014-06-24T16:00,Japan,Colombia,1,4,C,Arena Pantanal,Cuiaba
201438,2014-06-24T17:00,Greece,Côte d'Ivoire,2,1,C,Estadio Castelao,Fortaleza
201443,2014-06-25T13:00,Nigeria,Argentina,2,3,F,Estadio Beira-Rio,Porto Alegre
201444,2014-06-25T13:00,Bosnia and Herzegovina,IR Iran,3,1,F,Arena Fonte Nova,Salvador
201441,2014-06-25T16:00,Honduras,Switzerland,0,3,E,Arena Amazonia,Manaus
201442,2014-06-25T17:00,Ecuador,France,0,0,E,Estadio do Maracana,Rio De Janeiro
201445,2014-06-26T13:00,USA,Germany,0,1,G,Arena Pernambuco,Recife
201446,2014-06-26T13:00,Portugal,Ghana,2,1,G,Estadio Nacional,Brasilia
201447,2014-06-26T17:00,Korea Republic,Belgium,0,1,H,Arena de Sao Paulo,Sao Paulo
201448,2014-06-26T17:00,Algeria,Russia,1,1,H,Arena da Baixada,Curitiba
201449,2014-06-28T13:00,Brazil,Chile,1,1,Knock,Estadio Mineirao,Belo Horizonte
201450,2014-06-28T17:00,Colombia,Uruguay,2,0,Knock,Estadio do Maracana,Rio De Janeiro
201453,2014-06-30T13:00,France,Nigeria,2,0,Knock,Estadio Nacional,Brasilia
201454,2014-06-30T17:00,Germany,Algeria,2,1,Knock,Estadio Beira-Rio,Porto Alegre
201457,2014-07-04T17:00,Brazil,Colombia,2,1,Quarter,Estadio Castelao,Fortaleza
201458,2014-07-04T13:00,France,Germany,0,1,Quarter,Estadio do Maracana,Rio De Janeiro
201461,2014-07-08T17:00,Brazil,Germany,1,7,Semi,Estadio Mineirao,Belo Horizonte
201463,2014-07-12T17:00,Brazil,Netherlands,0,3,Third,Estadio Nacional,Brasilia
201464,2014-07-13T16:00,Germany,Argentina,1,0,Final,Estadio do Maracana,Rio De Janeiro
201462,2014-07-09T17:00,Netherlands,Argentina,0,0,Semi,Arena de Sao Paulo,Sao Paulo
201459,2014-07-05T17:00,Netherlands,Costa Rica,0,0,Quarter,Arena Fonte Nova,Salvador
201460,2014-07-05T13:00,Argentina,Belgium,1,0,Quarter,Estadio Nacional,Brasilia
201451,2014-06-29T13:00,Netherlands,Mexico,2,1,Knock,Estadio Castelao,Fortaleza
201452,2014-06-29T17:00,Costa Rica,Greece,1,1,Knock,Arena Pernambuco,Recife
201455,2014-07-01T13:00,Argentina,Switzerland,1,0,Knock,Arena de Sao Paulo,Sao Paulo
201456,2014-07-01T17:00,Belgium,USA,2,1,Knock,Arena Fonte Nova,Salvador
201449,2014-06-28T13:00,Brazil,Chile,1,1,Knock,Estadio Mineirao,Belo Horizonte
201450,2014-06-28T17:00,Colombia,Uruguay,2,0,Knock,Estadio do Maracana,Rio De Janeiro
201451,2014-06-29T13:00,Netherlands,Mexico,2,1,Knock,Estadio Castelao,Fortaleza
201452,2014-06-29T17:00,Costa Rica,Greece,1,1,Knock,Arena Pernambuco,Recife
201453,2014-06-30T13:00,France,Nigeria,2,0,Knock,Estadio Nacional,Brasilia
201454,2014-06-30T17:00,Germany,Algeria,2,1,Knock,Estadio Beira-Rio,Porto Alegre
201455,2014-07-01T13:00,Argentina,Switzerland,1,0,Knock,Arena de Sao Paulo,Sao Paulo
201456,2014-07-01T17:00,Belgium,USA,2,1,Knock,Arena Fonte Nova,Salvador
201458,2014-07-04T13:00,France,Germany,0,1,Quarter,Estadio do Maracana,Rio De Janeiro
201457,2014-07-04T17:00,Brazil,Colombia,2,1,Quarter,Estadio Castelao,Fortaleza
201460,2014-07-05T13:00,Argentina,Belgium,1,0,Quarter,Estadio Nacional,Brasilia
201459,2014-07-05T17:00,Netherlands,Costa Rica,0,0,Quarter,Arena Fonte Nova,Salvador
201461,2014-07-08T17:00,Brazil,Germany,1,7,Semi,Estadio Mineirao,Belo Horizonte
201462,2014-07-09T17:00,Netherlands,Argentina,0,0,Semi,Arena de Sao Paulo,Sao Paulo
201463,2014-07-12T17:00,Brazil,Netherlands,0,3,Third,Estadio Nacional,Brasilia
201464,2014-07-13T16:00,Germany,Argentina,1,0,Final,Estadio do Maracana,Rio De Janeiro
201001,2010-06-11T16:00,South Africa,Mexico,1,1,A,Soccer City Stadium,Johannesburg
201002,2010-06-11T20:30,Uruguay,France,0,0,A,Cape Town Stadium,Cape Town
201004,2010-06-12T13:30,Korea Republic,Greece,2,0,B,Port Elizabeth Stadium,Nelson Mandela Bay/Port Elizabeth
201003,2010-06-12T16:00,Argentina,Nigeria,1,0,B,Ellis Park Stadium,Johannesburg
201005,2010-06-12T20:30,England,USA,1,1,C,Royal Bafokeng Sports Palace,Phokeng
201006,2010-06-13T13:30,Algeria,Slovenia,0,1,C,Peter Mokaba Stadium,Polokwane
201008,2010-06-13T16:00,Serbia,Ghana,0,1,D,Loftus Versfeld Stadium,Tshwane/Pretoria
201007,2010-06-13T20:30,Germany,Australia,4,0,D,Durban Stadium,Durban
201009,2010-06-14T13:30,Netherlands,Denmark,2,0,E,Soccer City Stadium,Johannesburg
201010,2010-06-14T16:00,Japan,Cameroon,1,0,E,Free State Stadium,Mangaung/Bloemfontein
201011,2010-06-14T20:30,Italy,Paraguay,1,1,F,Cape Town Stadium,Cape Town
201012,2010-06-15T13:30,New Zealand,Slovakia,1,1,F,Royal Bafokeng Sports Palace,Phokeng
201013,2010-06-15T16:00,Côte d'Ivoire,Portugal,0,0,G,Port Elizabeth Stadium,Nelson Mandela Bay/Port Elizabeth
201014,2010-06-15T20:30,Brazil,Korea DPR,2,1,G,Ellis Park Stadium,Johannesburg
201015,2010-06-16T13:30,Honduras,Chile,0,1,H,Mbombela Stadium,Nelspruit
201016,2010-06-16T16:00,Spain,Switzerland,0,1,H,Durban Stadium,Durban
201017,2010-06-16T20:30,South Africa,Uruguay,0,3,A,Loftus Versfeld Stadium,Tshwane/Pretoria
201020,2010-06-17T13:30,Argentina,Korea Republic,4,1,B,Soccer City Stadium,Johannesburg
201019,2010-06-17T16:00,Greece,Nigeria,2,1,B,Free State Stadium,Mangaung/Bloemfontein
201018,2010-06-17T20:30,France,Mexico,0,2,A,Peter Mokaba Stadium,Polokwane
201021,2010-06-18T13:30,Germany,Serbia,0,1,D,Port Elizabeth Stadium,Nelson Mandela Bay/Port Elizabeth
201022,2010-06-18T16:00,Slovenia,USA,2,2,C,Ellis Park Stadium,Johannesburg
201023,2010-06-18T20:30,England,Algeria,0,0,C,Cape Town Stadium,Cape Town
201025,2010-06-19T13:30,Netherlands,Japan,1,0,E,Durban Stadium,Durban
201024,2010-06-19T16:00,Ghana,Australia,1,1,D,Royal Bafokeng Sports Palace,Phokeng
201026,2010-06-19T20:30,Cameroon,Denmark,1,2,E,Loftus Versfeld Stadium,Tshwane/Pretoria
201027,2010-06-20T13:30,Slovakia,Paraguay,0,2,F,Free State Stadium,Mangaung/Bloemfontein
201028,2010-06-20T16:00,Italy,New Zealand,1,1,F,Mbombela Stadium,Nelspruit
201029,2010-06-20T20:30,Brazil,Côte d'Ivoire,3,1,G,Soccer City Stadium,Johannesburg
201030,2010-06-21T13:30,Portugal,Korea DPR,7,0,G,Cape Town Stadium,Cape Town
201031,2010-06-21T16:00,Chile,Switzerland,1,0,H,Port Elizabeth Stadium,Nelson Mandela Bay/Port Elizabeth
201032,2010-06-21T20:30,Spain,Honduras,2,0,H,Ellis Park Stadium,Johannesburg
201033,2010-06-22T16:00,Mexico,Uruguay,0,1,A,Royal Bafokeng Sports Palace,Phokeng
201034,2010-06-22T16:00,France,South Africa,1,2,A,Free State Stadium,Mangaung/Bloemfontein
201035,2010-06-22T20:30,Nigeria,Korea Republic,2,2,B,Durban Stadium,Durban
201036,2010-06-22T20:30,Greece,Argentina,0,2,B,Peter Mokaba Stadium,Polokwane
201037,2010-06-23T16:00,Slovenia,England,0,1,C,Port Elizabeth Stadium,Nelson Mandela Bay/Port Elizabeth
201038,2010-06-23T16:00,USA,Algeria,1,0,C,Loftus Versfeld Stadium,Tshwane/Pretoria
201039,2010-06-23T20:30,Ghana,Germany,0,1,D,Soccer City Stadium,Johannesburg
201040,2010-06-23T20:30,Australia,Serbia,2,1,D,Mbombela Stadium,Nelspruit
201041,2010-06-24T16:00,Slovakia,Italy,3,2,F,Ellis Park Stadium,Johannesburg
201042,2010-06-24T16:00,Paraguay,New Zealand,0,0,F,Peter Mokaba Stadium,Polokwane
201043,2010-06-24T20:30,Denmark,Japan,1,3,E,Royal Bafokeng Sports Palace,Phokeng
201044,2010-06-24T20:30,Cameroon,Netherlands,1,2,E,Cape Town Stadium,Cape Town
201045,2010-06-25T16:00,Portugal,Brazil,0,0,G,Durban Stadium,Durban
201046,2010-06-25T16:00,Korea DPR,Côte d'Ivoire,0,3,G,Mbombela Stadium,Nelspruit
201047,2010-06-25T20:30,Chile,Spain,1,2,H,Loftus Versfeld Stadium,Tshwane/Pretoria
201048,2010-06-25T20:30,Switzerland,Honduras,0,0,H,Free State Stadium,Mangaung/Bloemfontein
201049,2010-06-26T16:00,Uruguay,Korea Republic,2,1,Knock,Port Elizabeth Stadium,Nelson Mandela Bay/Port Elizabeth
201050,2010-06-26T20:30,USA,Ghana,1,2,Knock,Royal Bafokeng Sports Palace,Phokeng
201051,2010-06-27T16:00,Germany,England,4,1,Knock,Free State Stadium,Mangaung/Bloemfontein
201052,2010-06-27T20:30,Argentina,Mexico,3,1,Knock,Soccer City Stadium,Johannesburg
201053,2010-06-28T16:00,Netherlands,Slovakia,2,1,Knock,Durban Stadium,Durban
201054,2010-06-28T20:30,Brazil,Chile,3,0,Knock,Ellis Park Stadium,Johannesburg
201055,2010-06-29T16:00,Paraguay,Japan,0,0,Knock,Loftus Versfeld Stadium,Tshwane/Pretoria
201056,2010-06-29T20:30,Spain,Portugal,1,0,Knock,Cape Town Stadium,Cape Town
201057,2010-07-02T16:00,Netherlands,Brazil,2,1,Quarter,Port Elizabeth Stadium,Nelson Mandela Bay/Port Elizabeth
201058,2010-07-02T20:30,Uruguay,Ghana,1,1,Quarter,Soccer City Stadium,Johannesburg
201059,2010-07-03T16:00,Argentina,Germany,0,4,Quarter,Cape Town Stadium,Cape Town
201060,2010-07-03T20:30,Paraguay,Spain,0,1,Quarter,Ellis Park Stadium,Johannesburg
201061,2010-07-06T20:30,Uruguay,Netherlands,2,3,Semi,Cape Town Stadium,Cape Town
201062,2010-07-07T20:30,Germany,Spain,0,1,Semi,Durban Stadium,Durban
201063,2010-07-10T20:30,Uruguay,Germany,2,3,Third,Port Elizabeth Stadium,Nelson Mandela Bay/Port Elizabeth
201064,2010-07-11T20:30,Netherlands,Spain,0,1,Final,Soccer City Stadium,Johannesburg
200601,2006-06-09T18:00,Germany,Costa Rica,4,2,A,FIFA World Cup Stadium, Munich,Munich
200602,2006-06-09T21:00,Poland,Ecuador,0,2,A,FIFA World Cup Stadium, Gelsenkirchen,Gelsenkirchen
200603,2006-06-10T15:00,England,Paraguay,1,0,B,FIFA World Cup Stadium, Frankfurt,Frankfurt/Main
200604,2006-06-10T18:00,Trinidad and Tobago,Sweden,0,0,B,FIFA World Cup Stadium, Dortmund,Dortmund
200605,2006-06-10T21:00,Argentina,Côte d'Ivoire,2,1,C,FIFA World Cup Stadium, Hamburg,Hamburg
200606,2006-06-11T15:00,Serbia and Montenegro,Netherlands,0,1,C,Zentralstadion,Leipzig
200607,2006-06-11T18:00,Mexico,IR Iran,3,1,D,Franken-Stadion,Nuremberg
200608,2006-06-11T21:00,Angola,Portugal,0,1,D,FIFA World Cup Stadium, Cologne,Cologne
200612,2006-06-12T15:00,Australia,Japan,3,1,F,Fritz-Walter-Stadion,Kaiserslautern
200610,2006-06-12T18:00,USA,Czech Republic,0,3,E,FIFA World Cup Stadium, Gelsenkirchen,Gelsenkirchen
200609,2006-06-12T21:00,Italy,Ghana,2,0,E,FIFA World Cup Stadium, Hanover,Hanover
200614,2006-06-13T15:00,Korea Republic,Togo,2,1,G,FIFA World Cup Stadium, Frankfurt,Frankfurt/Main
200613,2006-06-13T18:00,France,Switzerland,0,0,G,Gottlieb-Daimler-Stadion,Stuttgart
200611,2006-06-13T21:00,Brazil,Croatia,1,0,F,Olympiastadion,Berlin
200615,2006-06-14T15:00,Spain,Ukraine,4,0,H,Zentralstadion,Leipzig
200616,2006-06-14T18:00,Tunisia,Saudi Arabia,2,2,H,FIFA World Cup Stadium, Munich,Munich
200617,2006-06-14T21:00,Germany,Poland,1,0,A,FIFA World Cup Stadium, Dortmund,Dortmund
200618,2006-06-15T15:00,Ecuador,Costa Rica,3,0,A,FIFA World Cup Stadium, Hamburg,Hamburg
200619,2006-06-15T18:00,England,Trinidad and Tobago,2,0,B,Franken-Stadion,Nuremberg
200620,2006-06-15T21:00,Sweden,Paraguay,1,0,B,Olympiastadion,Berlin
200621,2006-06-16T15:00,Argentina,Serbia and Montenegro,6,0,C,FIFA World Cup Stadium, Gelsenkirchen,Gelsenkirchen
200622,2006-06-16T18:00,Netherlands,Côte d'Ivoire,2,1,C,Gottlieb-Daimler-Stadion,Stuttgart
200623,2006-06-16T21:00,Mexico,Angola,0,0,D,FIFA World Cup Stadium, Hanover,Hanover
200624,2006-06-17T15:00,Portugal,IR Iran,2,0,D,FIFA World Cup Stadium, Frankfurt,Frankfurt/Main
200626,2006-06-17T18:00,Czech Republic,Ghana,0,2,E,FIFA World Cup Stadium, Cologne,Cologne
200625,2006-06-17T21:00,Italy,USA,1,1,E,Fritz-Walter-Stadion,Kaiserslautern
200628,2006-06-18T15:00,Japan,Croatia,0,0,F,Franken-Stadion,Nuremberg
200627,2006-06-18T18:00,Brazil,Australia,2,0,F,FIFA World Cup Stadium, Munich,Munich
200629,2006-06-18T21:00,France,Korea Republic,1,1,G,Zentralstadion,Leipzig
200630,2006-06-19T15:00,Togo,Switzerland,0,2,G,FIFA World Cup Stadium, Dortmund,Dortmund
200632,2006-06-19T18:00,Saudi Arabia,Ukraine,0,4,H,FIFA World Cup Stadium, Hamburg,Hamburg
200631,2006-06-19T21:00,Spain,Tunisia,3,1,H,Gottlieb-Daimler-Stadion,Stuttgart
200633,2006-06-20T16:00,Ecuador,Germany,0,3,A,Olympiastadion,Berlin
200634,2006-06-20T16:00,Costa Rica,Poland,1,2,A,FIFA World Cup Stadium, Hanover,Hanover
200635,2006-06-20T21:00,Sweden,England,2,2,B,FIFA World Cup Stadium, Cologne,Cologne
200636,2006-06-20T21:00,Paraguay,Trinidad and Tobago,2,0,B,Fritz-Walter-Stadion,Kaiserslautern
200640,2006-06-21T16:00,Iran,Angola,1,1,D,Zentralstadion,Leipzig
200639,2006-06-21T16:00,Portugal,Mexico,2,1,D,FIFA World Cup Stadium, Gelsenkirchen,Gelsenkirchen
200637,2006-06-21T21:00,Netherlands,Argentina,0,0,C,FIFA World Cup Stadium, Frankfurt,Frankfurt/Main
200638,2006-06-21T21:00,Côte d'Ivoire,Serbia and Montenegro,3,2,C,FIFA World Cup Stadium, Munich,Munich
200641,2006-06-22T16:00,Czech Republic,Italy,0,2,E,FIFA World Cup Stadium, Hamburg,Hamburg
200642,2006-06-22T16:00,Ghana,USA,2,1,E,Franken-Stadion,Nuremberg
200643,2006-06-22T21:00,Japan,Brazil,1,4,F,FIFA World Cup Stadium, Dortmund,Dortmund
200644,2006-06-22T21:00,Croatia,Australia,2,2,F,Gottlieb-Daimler-Stadion,Stuttgart
200648,2006-06-23T16:00,Ukraine,Tunisia,1,0,H,Olympiastadion,Berlin
200647,2006-06-23T16:00,Saudi Arabia,Spain,0,1,H,Fritz-Walter-Stadion,Kaiserslautern
200645,2006-06-23T21:00,Togo,France,0,2,G,FIFA World Cup Stadium, Cologne,Cologne
200646,2006-06-23T21:00,Switzerland,Korea Republic,2,0,G,FIFA World Cup Stadium, Hanover,Hanover
200649,2006-06-24T17:00,Germany,Sweden,2,0,Knock,FIFA World Cup Stadium, Munich,Munich
200650,2006-06-24T21:00,Argentina,Mexico,2,1,Knock,Zentralstadion,Leipzig
200651,2006-06-25T17:00,England,Ecuador,1,0,Knock,Gottlieb-Daimler-Stadion,Stuttgart
200652,2006-06-25T21:00,Portugal,Netherlands,1,0,Knock,Franken-Stadion,Nuremberg
200653,2006-06-26T17:00,Italy,Australia,1,0,Knock,Fritz-Walter-Stadion,Kaiserslautern
200654,2006-06-26T21:00,Switzerland,Ukraine,0,0,Knock,FIFA World Cup Stadium, Cologne,Cologne
200655,2006-06-27T17:00,Brazil,Ghana,3,0,Knock,FIFA World Cup Stadium, Dortmund,Dortmund
200656,2006-06-27T21:00,Spain,France,1,3,Knock,FIFA World Cup Stadium, Hanover,Hanover
200657,2006-06-30T17:00,Germany,Argentina,1,1,Quarter,Olympiastadion,Berlin
200658,2006-06-30T21:00,Italy,Ukraine,3,0,Quarter,FIFA World Cup Stadium, Hamburg,Hamburg
200659,2006-07-01T17:00,England,Portugal,0,0,Quarter,FIFA World Cup Stadium, Gelsenkirchen,Gelsenkirchen
200660,2006-07-01T21:00,Brazil,France,0,1,Quarter,FIFA World Cup Stadium, Frankfurt,Frankfurt/Main
200661,2006-07-04T21:00,Germany,Italy,0,2,Semi,FIFA World Cup Stadium, Dortmund,Dortmund
200662,2006-07-05T21:00,Portugal,France,0,1,Semi,FIFA World Cup Stadium, Munich,Munich
200663,2006-07-08T21:00,Germany,Portugal,3,1,Third,Gottlieb-Daimler-Stadion,Stuttgart
200664,2006-07-09T20:00,Italy,France,1,1,Final,Olympiastadion,Berlin
200201,2002-05-31T20:30,France,Senegal,0,1,A,Seoul World Cup Stadium,Seoul
200203,2002-06-01T18:00,Uruguay,Denmark,1,2,A,Munsu Football Stadium,Ulsan
200202,2002-06-01T15:30,Republic of Ireland,Cameroon,1,1,E,Niigata Stadium Big Swan,Niigata
200204,2002-06-01T20:30,Germany,Saudi Arabia,8,0,E,Sapporo Dome,Sapporo
200207,2002-06-02T14:30,Argentina,Nigeria,1,0,F,Kashima Stadium,Ibaraki
200206,2002-06-02T16:30,Paraguay,South Africa,2,2,B,Busan Asiad Main Stadium,Busan
200205,2002-06-02T18:30,England,Sweden,1,1,F,Saitama Stadium 2002,Saitama
200208,2002-06-02T20:30,Spain,Slovenia,3,1,B,Gwangju World Cup Stadium,Gwangju
200210,2002-06-03T18:00,Brazil,Turkey,2,1,C,Munsu Football Stadium,Ulsan
200211,2002-06-03T20:30,Italy,Ecuador,2,0,G,Sapporo Dome,Sapporo
200209,2002-06-03T15:30,Croatia,Mexico,0,1,G,Niigata Stadium Big Swan,Niigata
200212,2002-06-04T15:30,China PR,Costa Rica,0,2,C,Gwangju World Cup Stadium,Gwangju
200213,2002-06-04T18:00,Japan,Belgium,2,2,H,Saitama Stadium 2002,Saitama
200214,2002-06-04T20:30,Korea Republic,Poland,2,0,D,Busan Asiad Main Stadium,Busan
200215,2002-06-05T15:30,Russia,Tunisia,2,0,H,Kobe Wing Stadium,Kobe
200216,2002-06-05T18:00,USA,Portugal,3,2,D,Suwon World Cup Stadium,Suwon
200217,2002-06-05T20:30,Germany,Republic of Ireland,1,1,E,Kashima Stadium,Ibaraki
200220,2002-06-06T15:30,Denmark,Senegal,1,1,A,Daegu World Cup Stadium,Daegu
200219,2002-06-06T18:00,Cameroon,Saudi Arabia,1,0,E,Saitama Stadium 2002,Saitama
200218,2002-06-06T20:30,France,Uruguay,0,0,A,Busan Asiad Main Stadium,Busan
200221,2002-06-07T15:30,Sweden,Nigeria,2,1,F,Kobe Wing Stadium,Kobe
200223,2002-06-07T20:30,Argentina,England,0,1,F,Sapporo Dome,Sapporo
200222,2002-06-07T18:00,Spain,Paraguay,3,1,B,Jeonju World Cup Stadium,Jeonju
200224,2002-06-08T15:30,South Africa,Slovenia,1,0,B,Daegu World Cup Stadium,Daegu
200226,2002-06-08T20:30,Brazil,China PR,4,0,C,Jeju World Cup Stadium,Jeju
200225,2002-06-08T18:00,Italy,Croatia,1,2,G,Kashima Stadium,Ibaraki
200228,2002-06-09T18:00,Costa Rica,Turkey,1,1,C,Incheon Football Stadium,Incheon
200229,2002-06-09T20:30,Japan,Russia,1,0,H,International Stadium Yokohama,Yokohama
200227,2002-06-09T15:30,Mexico,Ecuador,2,1,G,Miyagi Stadium,Rifu
200230,2002-06-10T15:30,Korea Republic,USA,1,1,D,Daegu World Cup Stadium,Daegu
200232,2002-06-10T20:30,Portugal,Poland,4,0,D,Jeonju World Cup Stadium,Jeonju
200231,2002-06-10T18:00,Tunisia,Belgium,1,1,H,Oita Stadium Big Eye,Oita
200233,2002-06-11T15:30,Denmark,France,2,0,A,Incheon Football Stadium,Incheon
200234,2002-06-11T15:30,Senegal,Uruguay,3,3,A,Suwon World Cup Stadium,Suwon
200236,2002-06-11T20:30,Saudi Arabia,Republic of Ireland,0,3,E,International Stadium Yokohama,Yokohama
200235,2002-06-11T20:30,Cameroon,Germany,0,2,E,Shizuoka Stadium Ecopa,Shizuoka
200237,2002-06-12T15:30,Sweden,Argentina,1,1,F,Miyagi Stadium,Rifu
200238,2002-06-12T15:30,Nigeria,England,0,0,F,Osaka Nagai Stadium,Osaka
200240,2002-06-12T20:30,Slovenia,Paraguay,1,3,B,Jeju World Cup Stadium,Jeju
200239,2002-06-12T20:30,South Africa,Spain,2,3,B,Daejeon World Cup Stadium,Daejeon
200241,2002-06-13T15:30,Costa Rica,Brazil,2,5,C,Suwon World Cup Stadium,Suwon
200242,2002-06-13T15:30,Turkey,China PR,3,0,C,Seoul World Cup Stadium,Seoul
200244,2002-06-13T20:30,Ecuador,Croatia,1,0,G,International Stadium Yokohama,Yokohama
200243,2002-06-13T20:30,Mexico,Italy,1,1,G,Oita Stadium Big Eye,Oita
200245,2002-06-14T15:30,Tunisia,Japan,0,2,H,Osaka Nagai Stadium,Osaka
200247,2002-06-14T20:30,Portugal,Korea Republic,0,1,D,Incheon Football Stadium,Incheon
200248,2002-06-14T20:30,Poland,USA,3,1,D,Daejeon World Cup Stadium,Daejeon
200246,2002-06-14T15:30,Belgium,Russia,3,2,H,Shizuoka Stadium Ecopa,Shizuoka
200250,2002-06-15T20:30,Denmark,England,0,3,Knock,Niigata Stadium Big Swan,Niigata
200249,2002-06-15T15:30,Germany,Paraguay,1,0,Knock,Jeju World Cup Stadium,Jeju
200252,2002-06-16T20:30,Spain,Republic of Ireland,1,1,Knock,Suwon World Cup Stadium,Suwon
200251,2002-06-16T15:30,Sweden,Senegal,1,2,Knock,Oita Stadium Big Eye,Oita
200254,2002-06-17T20:30,Brazil,Belgium,2,0,Knock,Kobe Wing Stadium,Kobe
200253,2002-06-17T15:30,Mexico,USA,0,2,Knock,Jeonju World Cup Stadium,Jeonju
200255,2002-06-18T15:30,Japan,Turkey,0,1,Knock,Miyagi Stadium,Rifu
200256,2002-06-18T20:30,Korea Republic,Italy,2,1,Knock,Daejeon World Cup Stadium,Daejeon
200257,2002-06-21T15:30,England,Brazil,1,2,Quarter,Shizuoka Stadium Ecopa,Shizuoka
200258,2002-06-21T20:30,Germany,USA,1,0,Quarter,Munsu Football Stadium,Ulsan
200260,2002-06-22T20:30,Senegal,Turkey,0,1,Quarter,Osaka Nagai Stadium,Osaka
200259,2002-06-22T15:30,Spain,Korea Republic,0,0,Quarter,Gwangju World Cup Stadium,Gwangju
200261,2002-06-25T20:30,Germany,Korea Republic,1,0,Semi,Seoul World Cup Stadium,Seoul
200262,2002-06-26T20:30,Brazil,Turkey,1,0,Semi,Saitama Stadium 2002,Saitama
200263,2002-06-29T20:00,Korea Republic,Turkey,2,3,Third,Daegu World Cup Stadium,Daegu
200264,2002-06-30T20:00,Germany,Brazil,0,2,Final,International Stadium Yokohama,Yokohama
199801,1998-06-10T17:30,Brazil,Scotland,2,1,A,Stade de France,Saint-Denis
199802,1998-06-10T21:00,Morocco,Norway,2,2,A,La Mosson,Montpellier
199804,1998-06-11T17:30,Italy,Chile,2,2,B,Stade du Parc Lescure,Bordeaux
199803,1998-06-11T21:00,Cameroon,Austria,1,1,B,Stade Municipal,Toulouse
199807,1998-06-12T14:30,Paraguay,Bulgaria,0,0,D,La Mosson,Montpellier
199805,1998-06-12T17:30,Saudi Arabia,Denmark,0,1,C,Stade Felix Bollaert,Lens
199806,1998-06-12T21:00,France,South Africa,3,0,C,Stade Vélodrome,Marseilles
199810,1998-06-13T14:30,Spain,Nigeria,2,3,D,La Beaujoire,Nantes
199809,1998-06-13T17:30,Korea Republic,Mexico,1,3,E,Stade de Gerland,Lyon
199808,1998-06-13T21:00,Netherlands,Belgium,0,0,E,Stade de France,Saint-Denis
199813,1998-06-14T14:30,Argentina,Japan,1,0,H,Stade Municipal,Toulouse
199812,1998-06-14T17:30,Yugoslavia,Iran,1,0,F,Stade Geoffroy Guichard,Saint-Etienne
199811,1998-06-14T21:00,Jamaica,Croatia,1,3,H,Stade Felix Bollaert,Lens
199816,1998-06-15T14:30,England,Tunisia,2,0,G,Stade Vélodrome,Marseilles
199815,1998-06-15T17:30,Romania,Colombia,1,0,G,Stade de Gerland,Lyon
199814,1998-06-15T21:00,Germany,USA,2,0,F,Parc des Princes,Paris
199817,1998-06-16T17:30,Scotland,Norway,1,1,A,Stade du Parc Lescure,Bordeaux
199818,1998-06-16T21:00,Brazil,Morocco,3,0,A,La Beaujoire,Nantes
199819,1998-06-17T17:30,Chile,Austria,1,1,B,Stade Geoffroy Guichard,Saint-Etienne
199820,1998-06-17T21:00,Italy,Cameroon,3,0,B,La Mosson,Montpellier
199822,1998-06-18T17:30,South Africa,Denmark,1,1,C,Stade Municipal,Toulouse
199821,1998-06-18T21:00,France,Saudi Arabia,4,0,C,Stade de France,Saint-Denis
199823,1998-06-19T17:30,Nigeria,Bulgaria,1,0,D,Parc des Princes,Paris
199824,1998-06-19T21:00,Spain,Paraguay,0,0,D,Stade Geoffroy Guichard,Saint-Etienne
199827,1998-06-20T14:30,Japan,Croatia,0,1,H,La Beaujoire,Nantes
199826,1998-06-20T17:30,Belgium,Mexico,2,2,E,Stade du Parc Lescure,Bordeaux
199825,1998-06-20T21:00,Netherlands,Korea Republic,5,0,E,Stade Vélodrome,Marseilles
199829,1998-06-21T14:30,Germany,Yugoslavia,2,2,F,Stade Felix Bollaert,Lens
199828,1998-06-21T17:30,Argentina,Jamaica,5,0,H,Parc des Princes,Paris
199830,1998-06-21T21:00,USA,Iran,1,2,F,Stade de Gerland,Lyon
199831,1998-06-22T17:30,Colombia,Tunisia,1,0,G,La Mosson,Montpellier
199832,1998-06-22T21:00,Romania,England,2,1,G,Stade Municipal,Toulouse
199833,1998-06-23T16:00,Italy,Austria,2,1,B,Stade de France,Saint-Denis
199836,1998-06-23T16:00,Chile,Cameroon,1,1,B,La Beaujoire,Nantes
199834,1998-06-23T21:00,Scotland,Morocco,0,3,A,Stade Geoffroy Guichard,Saint-Etienne
199835,1998-06-23T21:00,Brazil,Norway,1,2,A,Stade Vélodrome,Marseilles
199838,1998-06-24T16:00,France,Denmark,2,1,C,Stade de Gerland,Lyon
199840,1998-06-24T16:00,South Africa,Saudi Arabia,2,2,C,Stade du Parc Lescure,Bordeaux
199837,1998-06-24T21:00,Spain,Bulgaria,6,1,D,Stade Felix Bollaert,Lens
199839,1998-06-24T21:00,Nigeria,Paraguay,1,3,D,Stade Municipal,Toulouse
199841,1998-06-25T16:00,Belgium,Korea Republic,1,1,E,Parc des Princes,Paris
199842,1998-06-25T16:00,Netherlands,Mexico,2,2,E,Stade Geoffroy Guichard,Saint-Etienne
199843,1998-06-25T21:00,Germany,Iran,2,0,F,La Mosson,Montpellier
199844,1998-06-25T21:00,USA,Yugoslavia,0,1,F,La Beaujoire,Nantes
199847,1998-06-26T16:00,Japan,Jamaica,1,2,H,Stade de Gerland,Lyon
199848,1998-06-26T16:00,Argentina,Croatia,1,0,H,Stade du Parc Lescure,Bordeaux
199845,1998-06-26T21:00,Romania,Tunisia,1,1,G,Stade de France,Saint-Denis
199846,1998-06-26T21:00,Colombia,England,0,2,G,Stade Felix Bollaert,Lens
199850,1998-06-27T16:30,Italy,Norway,1,0,Knock,Stade Vélodrome,Marseilles
199849,1998-06-27T21:00,Brazil,Chile,4,1,Knock,Parc des Princes,Paris
199852,1998-06-28T16:30,France,Paraguay,1,0,Knock,Stade Felix Bollaert,Lens
199851,1998-06-28T21:00,Nigeria,Denmark,1,4,Knock,Stade de France,Saint-Denis
199853,1998-06-29T16:30,Germany,Mexico,2,1,Knock,La Mosson,Montpellier
199854,1998-06-29T21:00,Netherlands,Yugoslavia,2,1,Knock,Stade Municipal,Toulouse
199856,1998-06-30T16:30,Romania,Croatia,0,1,Knock,Stade du Parc Lescure,Bordeaux
199855,1998-06-30T21:00,Argentina,England,2,2,Knock,Stade Geoffroy Guichard,Saint-Etienne
199857,1998-07-03T16:30,Italy,France,0,0,Quarter,Stade de France,Saint-Denis
199858,1998-07-03T21:00,Brazil,Denmark,3,2,Quarter,La Beaujoire,Nantes
199860,1998-07-04T16:30,Netherlands,Argentina,2,1,Quarter,Stade Vélodrome,Marseilles
199859,1998-07-04T21:00,Germany,Croatia,0,3,Quarter,Stade de Gerland,Lyon
199861,1998-07-07T21:00,Brazil,Netherlands,1,1,Semi,Stade Vélodrome,Marseilles
199862,1998-07-08T21:00,France,Croatia,2,1,Semi,Stade de France,Saint-Denis
199863,1998-07-11T21:00,Netherlands,Croatia,1,2,Third,Parc des Princes,Paris
199864,1998-07-12T21:00,Brazil,France,0,3,Final,Stade de France,Saint-Denis
199402,1994-06-17T19:30,Spain,Korea Republic,2,2,C,Cotton Bowl,Dallas
199401,1994-06-17T15:00,Germany,Bolivia,1,0,C,Soldier Field,Chicago
199403,1994-06-18T11:30,USA,Switzerland,1,1,A,Pontiac Silverdome,Detroit
199404,1994-06-18T16:00,Italy,Republic of Ireland,0,1,E,Giants Stadium,New York/New Jersey
199405,1994-06-18T19:30,Colombia,Romania,1,3,A,Rose Bowl,Los Angeles
199406,1994-06-19T12:30,Belgium,Morocco,1,0,F,Citrus Bowl,Orlando
199407,1994-06-19T16:00,Norway,Mexico,1,0,E,RFK Stadium,Washington Dc
199408,1994-06-19T19:30,Cameroon,Sweden,2,2,B,Rose Bowl,Los Angeles
199410,1994-06-20T19:30,Netherlands,Saudi Arabia,2,1,F,RFK Stadium,Washington Dc
199409,1994-06-20T16:00,Brazil,Russia,2,0,B,Stanford Stadium,San Francisco
199411,1994-06-21T12:30,Argentina,Greece,4,0,D,Foxboro Stadium,Boston
199413,1994-06-21T19:30,Nigeria,Bulgaria,3,0,D,Cotton Bowl,Dallas
199412,1994-06-21T16:00,Germany,Spain,1,1,C,Soldier Field,Chicago
199414,1994-06-22T16:00,Romania,Switzerland,1,4,A,Pontiac Silverdome,Detroit
199415,1994-06-22T19:30,USA,Colombia,2,1,A,Rose Bowl,Los Angeles
199416,1994-06-23T16:00,Italy,Norway,1,0,E,Giants Stadium,New York/New Jersey
199417,1994-06-23T19:30,Korea Republic,Bolivia,0,0,C,Foxboro Stadium,Boston
199418,1994-06-24T12:30,Mexico,Republic of Ireland,2,1,E,Citrus Bowl,Orlando
199420,1994-06-24T19:30,Sweden,Russia,3,1,B,Pontiac Silverdome,Detroit
199419,1994-06-24T16:00,Brazil,Cameroon,3,0,B,Stanford Stadium,San Francisco
199421,1994-06-25T12:30,Belgium,Netherlands,1,0,F,Citrus Bowl,Orlando
199422,1994-06-25T12:30,Saudi Arabia,Morocco,2,1,F,Giants Stadium,New York/New Jersey
199423,1994-06-25T16:00,Argentina,Nigeria,2,1,D,Foxboro Stadium,Boston
199424,1994-06-26T12:30,Bulgaria,Greece,4,0,D,Soldier Field,Chicago
199425,1994-06-26T16:00,USA,Romania,0,1,A,Rose Bowl,Los Angeles
199426,1994-06-26T16:00,Switzerland,Colombia,0,2,A,Stanford Stadium,San Francisco
199428,1994-06-27T16:00,Germany,Korea Republic,3,2,C,Cotton Bowl,Dallas
199427,1994-06-27T16:00,Bolivia,Spain,1,3,C,Soldier Field,Chicago
199429,1994-06-28T12:30,Republic of Ireland,Norway,0,0,E,Giants Stadium,New York/New Jersey
199432,1994-06-28T16:00,Brazil,Sweden,1,1,B,Pontiac Silverdome,Detroit
199430,1994-06-28T12:30,Italy,Mexico,1,1,E,RFK Stadium,Washington Dc
199431,1994-06-28T16:00,Russia,Cameroon,6,1,B,Stanford Stadium,San Francisco
199433,1994-06-29T12:30,Morocco,Netherlands,1,2,F,Citrus Bowl,Orlando
199434,1994-06-29T12:30,Belgium,Saudi Arabia,0,1,F,RFK Stadium,Washington Dc
199435,1994-06-30T19:30,Greece,Nigeria,0,2,D,Foxboro Stadium,Boston
199436,1994-06-30T19:30,Argentina,Bulgaria,0,2,D,Cotton Bowl,Dallas
199437,1994-07-02T12:00,Germany,Belgium,3,2,Knock,Soldier Field,Chicago
199438,1994-07-02T16:30,Spain,Switzerland,3,0,Knock,RFK Stadium,Washington Dc
199439,1994-07-03T12:00,Saudi Arabia,Sweden,1,3,Knock,Cotton Bowl,Dallas
199440,1994-07-03T13:30,Romania,Argentina,3,2,Knock,Rose Bowl,Los Angeles
199441,1994-07-04T12:00,Netherlands,Republic of Ireland,2,0,Knock,Citrus Bowl,Orlando
199442,1994-07-04T12:30,Brazil,USA,1,0,Knock,Stanford Stadium,San Francisco
199443,1994-07-05T13:00,Nigeria,Italy,1,2,Knock,Foxboro Stadium,Boston
199444,1994-07-05T16:30,Mexico,Bulgaria,1,1,Knock,Giants Stadium,New York/New Jersey
199445,1994-07-09T12:00,Italy,Spain,2,1,Quarter,Foxboro Stadium,Boston
199446,1994-07-09T14:30,Netherlands,Brazil,2,3,Quarter,Cotton Bowl,Dallas
199447,1994-07-10T12:00,Bulgaria,Germany,2,1,Quarter,Giants Stadium,New York/New Jersey
199448,1994-07-10T12:30,Romania,Sweden,2,2,Quarter,Stanford Stadium,San Francisco
199449,1994-07-13T16:00,Bulgaria,Italy,1,2,Semi,Giants Stadium,New York/New Jersey
199450,1994-07-13T16:30,Sweden,Brazil,0,1,Semi,Rose Bowl,Los Angeles
199451,1994-07-16T12:30,Sweden,Bulgaria,4,0,Third,Rose Bowl,Los Angeles
199452,1994-07-17T12:30,Brazil,Italy,0,0,Final,Rose Bowl,Los Angeles
199001,1990-06-08T18:00,Argentina,Cameroon,0,1,B,Stadio Giuseppe Meazza,Milan
199002,1990-06-09T17:00,Soviet Union,Romania,0,2,B,Stadio San Nicola,Bari
199004,1990-06-09T17:00,United Arab Emirates,Colombia,0,2,D,Renato Dall Ara,Bologna
199003,1990-06-09T21:00,Italy,Austria,1,0,A,Stadio Olimpico,Rome
199005,1990-06-10T17:00,USA,Czechoslovakia,1,5,A,Comunale,Florence
199006,1990-06-10T21:00,Brazil,Sweden,2,1,C,Stadio delle Alpi,Turin
199007,1990-06-10T21:00,Germany FR,Yugoslavia,4,1,D,Giuseppe Meazza,Milan
199008,1990-06-11T17:00,Costa Rica,Scotland,1,0,C,Luigi Ferraris,Genoa
199009,1990-06-11T21:00,England,Republic of Ireland,1,1,F,Sant Elia,Cagliari
199010,1990-06-12T17:00,Belgium,Korea Republic,2,0,E,Marc Antonio Bentegodi,Verona
199011,1990-06-12T21:00,Netherlands,Egypt,1,1,F,Della Favorita,Palermo
199012,1990-06-13T17:00,Uruguay,Spain,0,0,E,Dacia Arena,Udine
199013,1990-06-13T21:00,Argentina,Soviet Union,2,0,B,San Paolo,Naples
199016,1990-06-14T17:00,Cameroon,Romania,2,1,B,Stadio San Nicola,Bari
199014,1990-06-14T17:00,Yugoslavia,Colombia,1,0,D,Renato Dall Ara,Bologna
199015,1990-06-14T21:00,Italy,USA,1,0,A,Stadio Olimpico,Rome
199017,1990-06-15T17:00,Austria,Czechoslovakia,0,1,A,Comunale,Florence
199018,1990-06-15T21:00,Germany FR,United Arab Emirates,5,1,D,Stadio Giuseppe Meazza,Milan
199019,1990-06-16T17:00,Brazil,Costa Rica,1,0,C,Stadio delle Alpi,Turin
199020,1990-06-16T21:00,Sweden,Scotland,1,2,C,Luigi Ferraris,Genoa
199021,1990-06-16T21:00,England,Netherlands,0,0,F,Sant Elia,Cagliari
199022,1990-06-17T17:00,Republic of Ireland,Egypt,0,0,F,Della Favorita,Palermo
199024,1990-06-17T21:00,Korea Republic,Spain,1,3,E,Dacia Arena,Udine
199023,1990-06-17T21:00,Belgium,Uruguay,3,1,E,Marc Antonio Bentegodi,Verona
199025,1990-06-18T21:00,Argentina,Romania,1,1,B,San Paolo,Naples
199026,1990-06-18T21:00,Cameroon,Soviet Union,0,4,B,Stadio San Nicola,Bari
199027,1990-06-19T17:00,Germany FR,Colombia,1,1,D,Stadio Giuseppe Meazza,Milan
199028,1990-06-19T17:00,Yugoslavia,United Arab Emirates,4,1,D,Renato Dall Ara,Bologna
199029,1990-06-19T21:00,Italy,Czechoslovakia,2,0,A,Stadio Olimpico,Rome
199030,1990-06-19T21:00,Austria,USA,2,1,A,Comunale,Florence
199031,1990-06-20T21:00,Brazil,Scotland,1,0,C,Stadio delle Alpi,Turin
199032,1990-06-20T21:00,Sweden,Costa Rica,1,2,C,Luigi Ferraris,Genoa
199034,1990-06-21T17:00,Korea Republic,Uruguay,0,1,E,Dacia Arena,Udine
199033,1990-06-21T17:00,Belgium,Spain,1,2,E,Marc Antonio Bentegodi,Verona
199036,1990-06-21T21:00,Republic of Ireland,Netherlands,1,1,F,Della Favorita,Palermo
199035,1990-06-21T21:00,England,Egypt,1,0,F,Sant Elia,Cagliari
199037,1990-06-23T17:00,Cameroon,Colombia,2,1,Knock,San Paolo,Naples
199038,1990-06-23T21:00,Czechoslovakia,Costa Rica,4,1,Knock,Stadio San Nicola,Bari
199039,1990-06-24T17:00,Brazil,Argentina,0,1,Knock,Stadio delle Alpi,Turin
199040,1990-06-24T21:00,Germany FR,Netherlands,2,1,Knock,Stadio Giuseppe Meazza,Milan
199041,1990-06-25T17:00,Republic of Ireland,Romania,0,0,Knock,Luigi Ferraris,Genoa
199042,1990-06-25T21:00,Italy,Uruguay,2,0,Knock,Stadio Olimpico,Rome
199043,1990-06-26T17:00,Spain,Yugoslavia,1,2,Knock,Marc Antonio Bentegodi,Verona
199044,1990-06-26T21:00,England,Belgium,1,0,Knock,Renato Dall Ara,Bologna
199045,1990-06-30T17:00,Yugoslavia,Argentina,0,0,Quarter,Comunale,Florence
199046,1990-06-30T21:00,Italy,Republic of Ireland,1,0,Quarter,Stadio Olimpico,Rome
199047,1990-07-01T17:00,Germany FR,Czechoslovakia,1,0,Quarter,Stadio Giuseppe Meazza,Milan
199048,1990-07-01T21:00,England,Cameroon,3,2,Quarter,San Paolo,Naples
199049,1990-07-03T20:00,Italy,Argentina,1,1,Semi,San Paolo,Naples
199050,1990-07-04T20:00,Germany FR,England,1,1,Semi,Stadio delle Alpi,Turin
199051,1990-07-07T20:00,Italy,England,2,1,Third,Stadio San Nicola,Bari
199052,1990-07-08T20:00,Germany FR,Argentina,1,0,Final,Stadio Olimpico,Rome
198601,1986-05-31T12:00,Bulgaria,Italy,1,1,A,Estadio Azteca,Mexico City
198602,1986-06-01T16:00,Canada,France,0,1,C,Nou Camp - Estadio León,Leon
198603,1986-06-01T12:00,Spain,Brazil,0,1,D,Jalisco,Guadalajara
198605,1986-06-02T12:00,Soviet Union,Hungary,6,0,C,Estadio Irapuato,Irapuato
198604,1986-06-02T12:00,Argentina,Korea Republic,3,1,A,Estadio Olímpico Universitario,Mexico City
198606,1986-06-02T16:00,Morocco,Poland,0,0,F,Estadio Universitario,Monterrey
198608,1986-06-03T12:00,Algeria,Northern Ireland,1,1,D,Tres de Marzo,Guadalajara
198607,1986-06-03T12:00,Belgium,Mexico,1,2,B,Estadio Azteca,Mexico City
198609,1986-06-03T16:00,Portugal,England,1,0,F,Tecnologico,Monterrey
198610,1986-06-04T12:00,Paraguay,Iraq,1,0,B,Bombonera - Estadio Nemesio Diez,Toluca
198612,1986-06-04T16:00,Scotland,Denmark,0,1,E,Neza,Nezahualcoyotl
198611,1986-06-04T12:00,Uruguay,Germany FR,1,1,E,Estadio Corregidora,Queretaro
198613,1986-06-05T12:00,Italy,Argentina,1,1,A,Cuauhtemoc,Puebla
198615,1986-06-05T12:00,France,Soviet Union,1,1,C,Nou Camp - Estadio León,Leon
198614,1986-06-05T16:00,Korea Republic,Bulgaria,1,1,A,Estadio Olímpico Universitario,Mexico City
198616,1986-06-06T12:00,Hungary,Canada,2,0,C,Estadio Irapuato,Irapuato
198617,1986-06-06T12:00,Brazil,Algeria,1,0,D,Jalisco,Guadalajara
198618,1986-06-06T16:00,England,Morocco,0,0,F,Tecnologico,Monterrey
198620,1986-06-07T12:00,Northern Ireland,Spain,1,2,D,Tres de Marzo,Guadalajara
198619,1986-06-07T12:00,Mexico,Paraguay,1,1,B,Estadio Azteca,Mexico City
198621,1986-06-07T16:00,Poland,Portugal,1,0,F,Estadio Universitario,Monterrey
198622,1986-06-08T12:00,Iraq,Belgium,1,2,B,Bombonera - Estadio Nemesio Diez,Toluca
198624,1986-06-08T16:00,Denmark,Uruguay,6,1,E,Neza,Nezahualcoyotl
198623,1986-06-08T12:00,Germany FR,Scotland,2,1,E,Estadio Corregidora,Queretaro
198625,1986-06-09T12:00,Hungary,France,0,3,C,Nou Camp - Estadio León,Leon
198626,1986-06-09T12:00,Soviet Union,Canada,2,0,C,Estadio Irapuato,Irapuato
198627,1986-06-10T12:00,Korea Republic,Italy,2,3,A,Cuauhtemoc,Puebla
198628,1986-06-10T12:00,Argentina,Bulgaria,2,0,A,Estadio Olímpico Universitario,Mexico City
198630,1986-06-11T12:00,Paraguay,Belgium,2,2,B,Bombonera - Estadio Nemesio Diez,Toluca
198629,1986-06-11T12:00,Iraq,Mexico,0,1,B,Estadio Azteca,Mexico City
198631,1986-06-11T16:00,Portugal,Morocco,1,3,F,Tres de Marzo,Guadalajara
198632,1986-06-11T16:00,England,Poland,3,0,F,Tecnologico,Monterrey
198633,1986-06-12T12:00,Northern Ireland,Brazil,0,3,D,Jalisco,Guadalajara
198634,1986-06-12T12:00,Algeria,Spain,0,3,D,Tecnologico,Monterrey
198636,1986-06-13T12:00,Scotland,Uruguay,0,0,E,Neza,Nezahualcoyotl
198635,1986-06-13T12:00,Denmark,Germany FR,2,0,E,Estadio Corregidora,Queretaro
198638,1986-06-15T16:00,Soviet Union,Belgium,3,4,Knock,Nou Camp - Estadio León,Leon
198637,1986-06-15T12:00,Mexico,Bulgaria,2,0,Knock,Estadio Azteca,Mexico City
198639,1986-06-16T16:00,Argentina,Uruguay,1,0,Knock,Cuauhtemoc,Puebla
198640,1986-06-16T12:00,Brazil,Poland,4,0,Knock,Jalisco,Guadalajara
198641,1986-06-17T12:00,Italy,France,0,2,Knock,Estadio Olímpico Universitario,Mexico City
198642,1986-06-17T16:00,Morocco,Germany FR,0,1,Knock,Estadio Universitario,Monterrey
198643,1986-06-18T12:00,England,Paraguay,3,0,Knock,Estadio Azteca,Mexico City
198644,1986-06-18T16:00,Denmark,Spain,1,5,Knock,Estadio Corregidora,Queretaro
198645,1986-06-21T12:00,Brazil,France,1,1,Quarter,Jalisco,Guadalajara
198646,1986-06-21T16:00,Germany FR,Mexico,0,0,Quarter,Estadio Universitario,Monterrey
198647,1986-06-22T16:00,Spain,Belgium,1,1,Quarter,Cuauhtemoc,Puebla
198648,1986-06-22T12:00,Argentina,England,2,1,Quarter,Estadio Azteca,Mexico City
198650,1986-06-25T12:00,France,Germany FR,0,2,Semi,Jalisco,Guadalajara
198649,1986-06-25T16:00,Argentina,Belgium,2,0,Semi,Estadio Azteca,Mexico City
198651,1986-06-28T12:00,France,Belgium,4,2,Third,Cuauhtemoc,Puebla
198652,1986-06-29T12:00,Argentina,Germany FR,3,2,Final,Estadio Azteca,Mexico City
198201,1982-06-13T20:00,Argentina,Belgium,0,1,C,Camp Nou,Barcelona
198202,1982-06-14T17:15,Italy,Poland,0,0,A,Estadio Municipal de Balaídos,Vigo
198203,1982-06-14T21:00,Brazil,Soviet Union,2,1,F,Ramon Sanchez Pizjuan,Seville
198204,1982-06-15T17:15,Peru,Cameroon,0,0,A,Riazor,La CoruñA
198205,1982-06-15T21:00,Hungary,El Salvador,10,1,C,Nuevo Estadio,Elche
198206,1982-06-15T21:00,Scotland,New Zealand,5,2,F,La Rosaleda,Malaga
198207,1982-06-16T17:15,Germany FR,Algeria,1,2,B,El Molinon,Gijon
198208,1982-06-16T17:15,England,France,3,1,D,San Mames,Bilbao
198209,1982-06-16T21:00,Spain,Honduras,1,1,E,Luis Casanova,Valencia
198210,1982-06-17T17:15,Chile,Austria,0,1,B,Carlos Tartiere,Oviedo
198211,1982-06-17T17:45,Czechoslovakia,Kuwait,1,1,D,Jose Zorrilla,Valladolid
198212,1982-06-17T21:00,Yugoslavia,Northern Ireland,0,0,E,La Romareda,Zaragoza
198213,1982-06-18T17:15,Italy,Peru,1,1,A,Estadio Municipal de Balaídos,Vigo
198214,1982-06-18T21:00,Argentina,Hungary,4,1,C,Jose Rico Perez,Alicante
198215,1982-06-18T21:00,Brazil,Scotland,4,1,F,Benito Villamarin,Seville
198216,1982-06-19T19:15,Poland,Cameroon,0,0,A,Riazor,La CoruñA
198217,1982-06-19T21:00,Belgium,El Salvador,1,0,C,Nuevo Estadio,Elche
198218,1982-06-19T21:00,Soviet Union,New Zealand,3,0,F,La Rosaleda,Malaga
198219,1982-06-20T17:15,Germany FR,Chile,4,1,B,El Molinon,Gijon
198220,1982-06-20T17:15,England,Czechoslovakia,2,0,D,San Mames,Bilbao
198221,1982-06-20T21:00,Spain,Yugoslavia,2,1,E,Luis Casanova,Valencia
198222,1982-06-21T17:15,Algeria,Austria,0,2,B,Carlos Tartiere,Oviedo
198223,1982-06-21T17:15,France,Kuwait,4,1,D,Jose Zorrilla,Valladolid
198224,1982-06-21T21:00,Honduras,Northern Ireland,1,1,E,La Romareda,Zaragoza
198225,1982-06-22T17:15,Poland,Peru,5,1,A,Riazor,La CoruñA
198226,1982-06-22T21:00,Belgium,Hungary,1,1,C,Nuevo Estadio,Elche
198227,1982-06-22T21:00,Soviet Union,Scotland,2,2,F,La Rosaleda,Malaga
198228,1982-06-23T17:15,Italy,Cameroon,1,1,A,Estadio Municipal de Balaídos,Vigo
198229,1982-06-23T21:00,Argentina,El Salvador,2,0,C,Jose Rico Perez,Alicante
198230,1982-06-23T21:00,Brazil,New Zealand,4,0,F,Benito Villamarin,Seville
198231,1982-06-24T17:15,Algeria,Chile,3,2,B,Carlos Tartiere,Oviedo
198232,1982-06-24T17:15,France,Czechoslovakia,1,1,D,Jose Zorrilla,Valladolid
198233,1982-06-24T21:00,Honduras,Yugoslavia,0,1,E,La Romareda,Zaragoza
198234,1982-06-25T17:15,Germany FR,Austria,1,0,B,El Molinon,Gijon
198235,1982-06-25T17:15,England,Kuwait,1,0,D,San Mames,Bilbao
198236,1982-06-25T21:00,Northern Ireland,Spain,1,0,E,Luis Casanova,Valencia
198237,1982-06-28T17:15,Austria,France,0,1,D,Vicente Calderon,Madrid
198238,1982-06-28T21:00,Poland,Belgium,3,0,A,Camp Nou,Barcelona
198239,1982-06-29T17:15,Italy,Argentina,2,1,C,Sarria,Barcelona
198240,1982-06-29T21:00,Germany FR,England,0,0,B,Santiago Bernabeu,Madrid
198241,1982-07-01T17:15,Austria,Northern Ireland,2,2,D,Vicente Calderon,Madrid
198242,1982-07-01T21:00,Belgium,Soviet Union,0,1,A,Camp Nou,Barcelona
198243,1982-07-02T17:15,Argentina,Brazil,1,3,C,Sarria,Barcelona
198244,1982-07-02T21:00,Germany FR,Spain,2,1,B,Santiago Bernabeu,Madrid
198245,1982-07-04T17:15,France,Northern Ireland,4,1,D,Vicente Calderon,Madrid
198246,1982-07-04T21:00,Poland,Soviet Union,0,0,A,Camp Nou,Barcelona
198247,1982-07-05T17:15,Italy,Brazil,3,2,C,Sarria,Barcelona
198248,1982-07-05T21:00,Spain,England,0,0,B,Santiago Bernabeu,Madrid
198249,1982-07-08T17:15,Poland,Italy,0,2,Semi,Camp Nou,Barcelona
198250,1982-07-08T21:00,Germany FR,France,3,3,Semi,Ramon Sanchez Pizjuan,Seville
198251,1982-07-10T20:00,Poland,France,3,2,Third,Jose Rico Perez,Alicante
198252,1982-07-11T20:00,Italy,Germany FR,3,1,Final,Santiago Bernabeu,Madrid
197801,1978-06-01T15:00,Germany FR,Poland,0,0,B,El Monumental - Estadio Monumental Antonio Vespuci,Buenos Aires
197803,1978-06-02T13:45,Italy,France,2,1,A,Estadio José María Minella,Mar Del Plata
197804,1978-06-02T16:45,Tunisia,Mexico,3,1,B,Arroyito - Estadio Dr. Lisandro de la Torre,Rosario
197802,1978-06-02T19:15,Argentina,Hungary,2,1,A,El Monumental - Estadio Monumental Antonio Vespuci,Buenos Aires
197806,1978-06-03T13:45,Sweden,Brazil,1,1,C,Estadio José María Minella,Mar Del Plata
197805,1978-06-03T13:45,Austria,Spain,2,1,C,Jose Amalfitani,Buenos Aires
197807,1978-06-03T16:45,Peru,Scotland,3,1,D,Estadio Olímpico Chateau Carreras,Cordoba
197808,1978-06-03T16:45,Netherlands,IR Iran,3,0,D,San Martin,Mendoza
197810,1978-06-06T13:45,Italy,Hungary,3,1,A,Estadio José María Minella,Mar Del Plata
197811,1978-06-06T16:45,Poland,Tunisia,1,0,B,Arroyito - Estadio Dr. Lisandro de la Torre,Rosario
197812,1978-06-06T16:45,Germany FR,Mexico,6,0,B,Estadio Olímpico Chateau Carreras,Cordoba
197809,1978-06-06T19:15,Argentina,France,2,1,A,El Monumental - Estadio Monumental Antonio Vespuci,Buenos Aires
197814,1978-06-07T13:45,Brazil,Spain,0,0,C,Estadio José María Minella,Mar Del Plata
197813,1978-06-07T13:45,Austria,Sweden,1,0,C,Jose Amalfitani,Buenos Aires
197815,1978-06-07T16:45,Scotland,IR Iran,1,1,D,Estadio Olímpico Chateau Carreras,Cordoba
197816,1978-06-07T16:45,Netherlands,Peru,0,0,D,San Martin,Mendoza
197818,1978-06-10T15:10,France,Hungary,3,1,A,Estadio José María Minella,Mar Del Plata
197819,1978-06-10T16:45,Poland,Mexico,3,1,B,Arroyito - Estadio Dr. Lisandro de la Torre,Rosario
197820,1978-06-10T16:45,Germany FR,Tunisia,0,0,B,Estadio Olímpico Chateau Carreras,Cordoba
197817,1978-06-10T19:15,Italy,Argentina,1,0,A,El Monumental - Estadio Monumental Antonio Vespuci,Buenos Aires
197822,1978-06-11T13:45,Brazil,Austria,1,0,C,Estadio José María Minella,Mar Del Plata
197821,1978-06-11T13:45,Spain,Sweden,1,0,C,Jose Amalfitani,Buenos Aires
197823,1978-06-11T16:45,Peru,IR Iran,4,1,D,Estadio Olímpico Chateau Carreras,Cordoba
197824,1978-06-11T16:45,Scotland,Netherlands,3,2,D,San Martin,Mendoza
197825,1978-06-14T13:45,Germany FR,Italy,0,0,A,El Monumental - Estadio Monumental Antonio Vespuci,Buenos Aires
197827,1978-06-14T13:45,Netherlands,Austria,5,1,A,Estadio Olímpico Chateau Carreras,Cordoba
197828,1978-06-14T16:45,Brazil,Peru,3,0,B,San Martin,Mendoza
197826,1978-06-14T19:15,Argentina,Poland,2,0,B,Arroyito - Estadio Dr. Lisandro de la Torre,Rosario
197832,1978-06-18T13:45,Poland,Peru,1,0,B,San Martin,Mendoza
197829,1978-06-18T16:45,Italy,Austria,1,0,A,El Monumental - Estadio Monumental Antonio Vespuci,Buenos Aires
197831,1978-06-18T16:45,Germany FR,Netherlands,2,2,A,Estadio Olímpico Chateau Carreras,Cordoba
197830,1978-06-18T19:15,Argentina,Brazil,0,0,B,Arroyito - Estadio Dr. Lisandro de la Torre,Rosario
197833,1978-06-21T13:45,Netherlands,Italy,2,1,A,El Monumental - Estadio Monumental Antonio Vespuci,Buenos Aires
197835,1978-06-21T13:45,Austria,Germany FR,3,2,A,Estadio Olímpico Chateau Carreras,Cordoba
197836,1978-06-21T16:45,Brazil,Poland,3,1,B,San Martin,Mendoza
197834,1978-06-21T19:15,Argentina,Peru,6,0,B,Arroyito - Estadio Dr. Lisandro de la Torre,Rosario
197837,1978-06-24T15:00,Brazil,Italy,2,1,Third,El Monumental - Estadio Monumental Antonio Vespuci,Buenos Aires
197838,1978-06-25T15:00,Argentina,Netherlands,3,1,Final,El Monumental - Estadio Monumental Antonio Vespuci,Buenos Aires
197403,1974-06-13T17:00,Brazil,Yugoslavia,0,0,B,Waldstadion,Frankfurt/Main
197401,1974-06-14T16:00,Germany FR,Chile,1,0,A,Olympiastadion,Berlin West
197402,1974-06-14T19:30,German DR,Australia,2,0,A,Volksparkstadion,Hamburg
197404,1974-06-14T19:30,Zaire,Scotland,0,2,B,Westfalenstadion,Dortmund
197405,1974-06-15T16:00,Uruguay,Netherlands,0,2,C,Niedersachsenstadion,Hanover
197406,1974-06-15T16:00,Sweden,Bulgaria,0,0,C,Rheinstadion,DüSseldorf
197407,1974-06-15T18:00,Italy,Haiti,3,1,D,Olympiastadion,Munich
197408,1974-06-15T18:00,Poland,Argentina,3,2,D,Neckarstadion,Stuttgart
197410,1974-06-18T16:00,Australia,Germany FR,0,3,A,Volksparkstadion,Hamburg
197412,1974-06-18T19:30,Scotland,Brazil,0,0,B,Waldstadion,Frankfurt/Main
197409,1974-06-18T19:30,Chile,German DR,1,1,A,Olympiastadion,Berlin West
197411,1974-06-18T19:30,Yugoslavia,Zaire,9,0,B,Parkstadion,Gelsenkirchen
197413,1974-06-19T19:30,Netherlands,Sweden,0,0,C,Westfalenstadion,Dortmund
197414,1974-06-19T19:30,Bulgaria,Uruguay,1,1,C,Niedersachsenstadion,Hanover
197415,1974-06-19T19:30,Haiti,Poland,0,7,D,Olympiastadion,Munich
197416,1974-06-19T19:30,Argentina,Italy,1,1,D,Neckarstadion,Stuttgart
197419,1974-06-22T16:00,Scotland,Yugoslavia,1,1,B,Waldstadion,Frankfurt/Main
197417,1974-06-22T16:00,Australia,Chile,0,0,A,Olympiastadion,Berlin West
197420,1974-06-22T16:00,Zaire,Brazil,0,3,B,Parkstadion,Gelsenkirchen
197418,1974-06-22T19:30,German DR,Germany FR,1,0,A,Volksparkstadion,Hamburg
197421,1974-06-23T16:00,Bulgaria,Netherlands,1,4,C,Westfalenstadion,Dortmund
197423,1974-06-23T16:00,Argentina,Haiti,4,1,D,Olympiastadion,Munich
197422,1974-06-23T16:00,Sweden,Uruguay,3,0,C,Rheinstadion,DüSseldorf
197424,1974-06-23T16:00,Poland,Italy,2,1,D,Neckarstadion,Stuttgart
197427,1974-06-26T16:00,Yugoslavia,Germany FR,0,2,B,Rheinstadion,DüSseldorf
197425,1974-06-26T19:30,Brazil,German DR,1,0,A,Niedersachsenstadion,Hanover
197426,1974-06-26T19:30,Netherlands,Argentina,4,0,A,Parkstadion,Gelsenkirchen
197428,1974-06-26T19:30,Sweden,Poland,0,1,B,Neckarstadion,Stuttgart
197430,1974-06-30T16:00,Argentina,Brazil,1,2,A,Niedersachsenstadion,Hanover
197432,1974-06-30T16:00,Poland,Yugoslavia,2,1,B,Waldstadion,Frankfurt/Main
197429,1974-06-30T16:00,German DR,Netherlands,0,2,A,Parkstadion,Gelsenkirchen
197431,1974-06-30T19:30,Germany FR,Sweden,4,2,B,Rheinstadion,DüSseldorf
197435,1974-07-03T17:00,Poland,Germany FR,0,1,B,Waldstadion,Frankfurt/Main
197434,1974-07-03T19:30,Netherlands,Brazil,2,0,A,Westfalenstadion,Dortmund
197433,1974-07-03T19:30,Argentina,German DR,1,1,A,Parkstadion,Gelsenkirchen
197436,1974-07-03T19:30,Sweden,Yugoslavia,2,1,B,Rheinstadion,DüSseldorf
197437,1974-07-06T16:00,Brazil,Poland,0,1,Third,Olympiastadion,Munich
197438,1974-07-07T16:00,Netherlands,Germany FR,1,2,Final,Olympiastadion,Munich
197001,1970-05-31T12:00,Mexico,Soviet Union,0,0,A,Estadio Azteca,Mexico City
197002,1970-06-02T16:00,Uruguay,Israel,2,0,B,Cuauhtemoc,Puebla
197004,1970-06-02T16:00,Peru,Bulgaria,3,2,D,Nou Camp - Estadio León,Leon
197003,1970-06-02T16:00,England,Romania,1,0,C,Jalisco,Guadalajara
197006,1970-06-03T16:00,Italy,Sweden,1,0,B,Luis Dosal,Toluca
197008,1970-06-03T16:00,Germany FR,Morocco,2,1,D,Nou Camp - Estadio León,Leon
197007,1970-06-03T16:00,Brazil,Czechoslovakia,4,1,C,Jalisco,Guadalajara
197005,1970-06-03T16:00,Belgium,El Salvador,3,0,A,Estadio Azteca,Mexico City
197010,1970-06-06T16:00,Uruguay,Italy,0,0,B,Cuauhtemoc,Puebla
197012,1970-06-06T16:00,Peru,Morocco,3,0,D,Nou Camp - Estadio León,Leon
197011,1970-06-06T16:00,Romania,Czechoslovakia,2,1,C,Jalisco,Guadalajara
197009,1970-06-06T16:00,Soviet Union,Belgium,4,1,A,Estadio Azteca,Mexico City
197014,1970-06-07T12:00,Sweden,Israel,1,1,B,Luis Dosal,Toluca
197016,1970-06-07T12:00,Germany FR,Bulgaria,5,2,D,Nou Camp - Estadio León,Leon
197015,1970-06-07T12:00,Brazil,England,1,0,C,Jalisco,Guadalajara
197013,1970-06-07T12:00,Mexico,El Salvador,4,0,A,Estadio Azteca,Mexico City
197018,1970-06-10T16:00,Sweden,Uruguay,1,0,B,Cuauhtemoc,Puebla
197020,1970-06-10T16:00,Germany FR,Peru,3,1,D,Nou Camp - Estadio León,Leon
197019,1970-06-10T16:00,Brazil,Romania,3,2,C,Jalisco,Guadalajara
197017,1970-06-10T16:00,Soviet Union,El Salvador,2,0,A,Estadio Azteca,Mexico City
197022,1970-06-11T16:00,Italy,Israel,0,0,B,Luis Dosal,Toluca
197024,1970-06-11T16:00,Bulgaria,Morocco,1,1,D,Nou Camp - Estadio León,Leon
197023,1970-06-11T16:00,England,Czechoslovakia,1,0,C,Jalisco,Guadalajara
197021,1970-06-11T16:00,Mexico,Belgium,1,0,A,Estadio Azteca,Mexico City
197026,1970-06-14T12:00,Italy,Mexico,4,1,Quarter,Luis Dosal,Toluca
197028,1970-06-14T12:00,Germany FR,England,3,2,Quarter,Nou Camp - Estadio León,Leon
197027,1970-06-14T12:00,Brazil,Peru,4,2,Quarter,Jalisco,Guadalajara
197025,1970-06-14T12:00,Uruguay,Soviet Union,1,0,Quarter,Estadio Azteca,Mexico City
197029,1970-06-17T16:00,Brazil,Uruguay,3,1,Semi,Jalisco,Guadalajara
197030,1970-06-17T16:00,Italy,Germany FR,4,3,Semi,Estadio Azteca,Mexico City
197031,1970-06-20T16:00,Germany FR,Uruguay,1,0,Third,Estadio Azteca,Mexico City
197032,1970-06-21T12:00,Brazil,Italy,4,1,Final,Estadio Azteca,Mexico City
196601,1966-07-11T19:30,England,Uruguay,0,0,A,Wembley Stadium,London
196602,1966-07-12T19:30,Germany FR,Switzerland,5,0,B,Hillsborough,Sheffield
196603,1966-07-12T19:30,Brazil,Bulgaria,2,0,C,Goodison Park,Liverpool
196604,1966-07-12T19:30,Soviet Union,Korea DPR,3,0,D,Ayresome Park,Middlesbrough
196605,1966-07-13T19:30,France,Mexico,1,1,A,Wembley Stadium,London
196607,1966-07-13T19:30,Portugal,Hungary,3,1,C,Old Trafford Stadium,Manchester
196606,1966-07-13T19:30,Argentina,Spain,2,1,B,Villa Park,Birmingham
196608,1966-07-13T19:30,Italy,Chile,2,0,D,Roker Park Ground,Sunderland
196609,1966-07-15T19:30,Uruguay,France,2,1,A,White City,London
196610,1966-07-15T19:30,Spain,Switzerland,2,1,B,Hillsborough,Sheffield
196611,1966-07-15T19:30,Hungary,Brazil,3,1,C,Goodison Park,Liverpool
196612,1966-07-15T19:30,Korea DPR,Chile,1,1,D,Ayresome Park,Middlesbrough
196615,1966-07-16T15:00,Portugal,Bulgaria,3,0,C,Old Trafford Stadium,Manchester
196614,1966-07-16T15:00,Germany FR,Argentina,0,0,B,Villa Park,Birmingham
196616,1966-07-16T15:00,Soviet Union,Italy,1,0,D,Roker Park Ground,Sunderland
196613,1966-07-16T19:30,England,Mexico,2,0,A,Wembley Stadium,London
196617,1966-07-19T16:30,Uruguay,Mexico,0,0,A,Wembley Stadium,London
196618,1966-07-19T19:30,Argentina,Switzerland,2,0,B,Hillsborough,Sheffield
196619,1966-07-19T19:30,Portugal,Brazil,3,1,C,Goodison Park,Liverpool
196620,1966-07-19T19:30,Korea DPR,Italy,1,0,D,Ayresome Park,Middlesbrough
196621,1966-07-20T19:30,England,France,2,0,A,Wembley Stadium,London
196623,1966-07-20T19:30,Hungary,Bulgaria,3,1,C,Old Trafford Stadium,Manchester
196622,1966-07-20T19:30,Germany FR,Spain,2,1,B,Villa Park,Birmingham
196624,1966-07-20T19:30,Soviet Union,Chile,2,1,D,Roker Park Ground,Sunderland
196625,1966-07-23T15:00,England,Argentina,1,0,Quarter,Wembley Stadium,London
196626,1966-07-23T15:00,Germany FR,Uruguay,4,0,Quarter,Hillsborough,Sheffield
196627,1966-07-23T15:00,Soviet Union,Hungary,2,1,Quarter,Roker Park Ground,Sunderland
196628,1966-07-23T15:00,Portugal,Korea DPR,5,3,Quarter,Goodison Park,Liverpool
196629,1966-07-25T19:30,Germany FR,Soviet Union,2,1,Semi,Goodison Park,Liverpool
196630,1966-07-26T19:30,England,Portugal,2,1,Semi,Wembley Stadium,London
196631,1966-07-28T19:30,Portugal,Soviet Union,2,1,Third,Wembley Stadium,London
196632,1966-07-30T15:00,England,Germany FR,4,2,Final,Wembley Stadium,London
196201,1962-05-30T15:00,Uruguay,Colombia,2,1,A,Carlos Dittborn,Arica
196203,1962-05-30T15:00,Brazil,Mexico,2,0,C,Estadio Sausalito,Vina Del Mar
196204,1962-05-30T15:00,Argentina,Bulgaria,1,0,D,Estadio El Teniente-Codelco,Rancagua
196202,1962-05-30T15:00,Chile,Switzerland,3,1,B,Nacional,Santiago De Chile
196205,1962-05-31T15:00,Soviet Union,Yugoslavia,2,0,A,Carlos Dittborn,Arica
196207,1962-05-31T15:00,Czechoslovakia,Spain,1,0,C,Estadio Sausalito,Vina Del Mar
196208,1962-05-31T15:00,Hungary,England,2,1,D,Estadio El Teniente-Codelco,Rancagua
196206,1962-05-31T15:00,Germany FR,Italy,0,0,B,Nacional,Santiago De Chile
196209,1962-06-02T15:00,Yugoslavia,Uruguay,3,1,A,Carlos Dittborn,Arica
196211,1962-06-02T15:00,Brazil,Czechoslovakia,0,0,C,Estadio Sausalito,Vina Del Mar
196212,1962-06-02T15:00,England,Argentina,3,1,D,Estadio El Teniente-Codelco,Rancagua
196210,1962-06-02T15:00,Chile,Italy,2,0,B,Nacional,Santiago De Chile
196213,1962-06-03T15:00,Soviet Union,Colombia,4,4,A,Carlos Dittborn,Arica
196215,1962-06-03T15:00,Spain,Mexico,1,0,C,Estadio Sausalito,Vina Del Mar
196216,1962-06-03T15:00,Hungary,Bulgaria,6,1,D,Estadio El Teniente-Codelco,Rancagua
196214,1962-06-03T15:00,Germany FR,Switzerland,2,1,B,Nacional,Santiago De Chile
196217,1962-06-06T15:00,Soviet Union,Uruguay,2,1,A,Carlos Dittborn,Arica
196219,1962-06-06T15:00,Brazil,Spain,2,1,C,Estadio Sausalito,Vina Del Mar
196220,1962-06-06T15:00,Hungary,Argentina,0,0,D,Estadio El Teniente-Codelco,Rancagua
196218,1962-06-06T15:00,Germany FR,Chile,2,0,B,Nacional,Santiago De Chile
196221,1962-06-07T15:00,Yugoslavia,Colombia,5,0,A,Carlos Dittborn,Arica
196223,1962-06-07T15:00,Mexico,Czechoslovakia,3,1,C,Estadio Sausalito,Vina Del Mar
196224,1962-06-07T15:00,England,Bulgaria,0,0,D,Estadio El Teniente-Codelco,Rancagua
196222,1962-06-07T15:00,Italy,Switzerland,3,0,B,Nacional,Santiago De Chile
196225,1962-06-10T14:30,Chile,Soviet Union,2,1,Quarter,Carlos Dittborn,Arica
196227,1962-06-10T14:30,Brazil,England,3,1,Quarter,Estadio Sausalito,Vina Del Mar
196228,1962-06-10T14:30,Czechoslovakia,Hungary,1,0,Quarter,Estadio El Teniente-Codelco,Rancagua
196226,1962-06-10T14:30,Yugoslavia,Germany FR,1,0,Quarter,Nacional,Santiago De Chile
196230,1962-06-13T14:30,Czechoslovakia,Yugoslavia,3,1,Semi,Estadio Sausalito,Vina Del Mar
196229,1962-06-13T14:30,Brazil,Chile,4,2,Semi,Nacional,Santiago De Chile
196231,1962-06-16T14:30,Chile,Yugoslavia,1,0,Third,Nacional,Santiago De Chile
196232,1962-06-17T14:30,Brazil,Czechoslovakia,3,1,Final,Nacional,Santiago De Chile
195801,1958-06-08T14:00,Sweden,Mexico,3,0,C,Rasunda Stadium,Solna
195805,1958-06-08T19:00,Soviet Union,England,2,2,D,Nya Ullevi,Gothenburg
195807,1958-06-08T19:00,Argentina,Germany FR,1,3,A,Malmo Stadion,Malmö
195802,1958-06-08T19:00,Hungary,Wales,1,1,C,Jarnvallen,Sandviken
195803,1958-06-08T19:00,France,Paraguay,7,3,B,Idrottsparken,NorrköPing
195804,1958-06-08T19:00,Yugoslavia,Scotland,1,1,B,Arosvallen,Vasteras
195806,1958-06-08T19:00,Brazil,Austria,3,0,D,Rimnersvallen,Udevalla
195808,1958-06-08T19:00,Northern Ireland,Czechoslovakia,1,0,A,Orjans Vall,Halmstad
195812,1958-06-11T19:00,Brazil,England,0,0,D,Nya Ullevi,Gothenburg
195809,1958-06-11T19:00,Mexico,Wales,1,1,C,Rasunda Stadium,Solna
195810,1958-06-11T19:00,Paraguay,Scotland,3,2,B,Idrottsparken,NorrköPing
195811,1958-06-11T19:00,Yugoslavia,France,3,2,B,Arosvallen,Vasteras
195813,1958-06-11T19:00,Soviet Union,Austria,2,0,D,Ryavallen,Boras
195814,1958-06-11T19:00,Germany FR,Czechoslovakia,2,2,A,Olympia Stadium,Helsingborg
195815,1958-06-11T19:00,Argentina,Northern Ireland,3,1,A,Orjans Vall,Halmstad
195816,1958-06-12T19:00,Sweden,Hungary,2,1,C,Rasunda Stadium,Solna
195817,1958-06-15T14:00,Sweden,Wales,0,0,C,Rasunda Stadium,Solna
195821,1958-06-15T19:00,Brazil,Soviet Union,2,0,D,Nya Ullevi,Gothenburg
195823,1958-06-15T19:00,Germany FR,Northern Ireland,2,2,A,Malmo Stadion,Malmö
195818,1958-06-15T19:00,Hungary,Mexico,4,0,C,Jarnvallen,Sandviken
195819,1958-06-15T19:00,Paraguay,Yugoslavia,3,3,B,Tunavallen,Eskilstuna
195820,1958-06-15T19:00,France,Scotland,2,1,B,Eyravallen,Orebro
195822,1958-06-15T19:00,England,Austria,2,2,D,Ryavallen,Boras
195824,1958-06-15T19:00,Czechoslovakia,Argentina,6,1,A,Olympia Stadium,Helsingborg
195837,1958-06-17T19:00,Soviet Union,England,1,0,D,Nya Ullevi,Gothenburg
195839,1958-06-17T19:00,Northern Ireland,Czechoslovakia,2,1,A,Malmo Stadion,Malmö
195833,1958-06-17T19:00,Wales,Hungary,2,1,C,Rasunda Stadium,Solna
195827,1958-06-19T19:00,Brazil,Wales,1,0,Quarter,Nya Ullevi,Gothenburg
195828,1958-06-19T19:00,Germany FR,Yugoslavia,1,0,Quarter,Malmo Stadion,Malmö
195825,1958-06-19T19:00,Sweden,Soviet Union,2,0,Quarter,Rasunda Stadium,Solna
195826,1958-06-19T19:00,France,Northern Ireland,4,0,Quarter,Idrottsparken,NorrköPing
195830,1958-06-24T19:00,Sweden,Germany FR,3,1,Semi,Nya Ullevi,Gothenburg
195829,1958-06-24T19:00,Brazil,France,5,2,Semi,Rasunda Stadium,Solna
195831,1958-06-28T17:00,France,Germany FR,6,3,Third,Nya Ullevi,Gothenburg
195832,1958-06-29T15:00,Brazil,Sweden,5,2,Final,Rasunda Stadium,Solna
195401,1954-06-16T18:00,Uruguay,Czechoslovakia,2,0,C,Wankdorf Stadium,Berne
195402,1954-06-16T18:00,Austria,Scotland,1,0,C,Hardturm,Zurich
195403,1954-06-16T18:00,Brazil,Mexico,5,0,A,Charmilles,Geneva
195404,1954-06-16T18:00,Yugoslavia,France,1,0,A,La Pontaise,Lausanne
195405,1954-06-17T18:00,Germany FR,Turkey,4,1,B,Wankdorf Stadium,Berne
195408,1954-06-17T18:00,Hungary,Korea Republic,9,0,B,Hardturm,Zurich
195406,1954-06-17T18:10,England,Belgium,4,4,D,St. Jakob,Basel
195407,1954-06-17T17:50,Switzerland,Italy,2,1,D,La Pontaise,Lausanne
195412,1954-06-19T16:50,Uruguay,Scotland,7,0,C,St. Jakob,Basel
195409,1954-06-19T17:00,Austria,Czechoslovakia,5,0,C,Hardturm,Zurich
195411,1954-06-19T17:10,France,Mexico,3,2,A,Charmilles,Geneva
195410,1954-06-19T17:00,Brazil,Yugoslavia,1,1,A,La Pontaise,Lausanne
195414,1954-06-20T16:50,Hungary,Germany FR,8,3,B,St. Jakob,Basel
195415,1954-06-20T17:00,Turkey,Korea Republic,7,0,B,Charmilles,Geneva
195413,1954-06-20T17:10,England,Switzerland,2,0,D,Wankdorf Stadium,Berne
195416,1954-06-20T17:00,Italy,Belgium,4,1,D,Comunale di Cornaredo,Lugano
195400,1954-06-23T18:00,Germany FR,Turkey,7,2,B,Hardturm,Zurich
1954211,1954-06-23T18:00,Switzerland,Italy,4,1,D,St. Jakob,Basel
195420,1954-06-26T17:00,Uruguay,England,4,2,Quarter,St. Jakob,Basel
195419,1954-06-26T17:00,Austria,Switzerland,7,5,Quarter,La Pontaise,Lausanne
195417,1954-06-27T17:00,Germany FR,Yugoslavia,2,0,Quarter,Charmilles,Geneva
195418,1954-06-27T17:00,Hungary,Brazil,4,2,Quarter,Wankdorf Stadium,Berne
195421,1954-06-30T18:00,Germany FR,Austria,6,1,Semi,St. Jakob,Basel
195422,1954-06-30T18:00,Hungary,Uruguay,4,2,Semi,La Pontaise,Lausanne
195423,1954-07-03T17:00,Austria,Uruguay,3,1,Third,Hardturm,Zurich
195424,1954-07-04T17:00,Germany FR,Hungary,3,2,Final,Wankdorf Stadium,Berne
195001,1950-06-24T15:00,Brazil,Mexico,4,0,A,'Maracanã - Estádio Jornalista Mário Filho,Rio De Janeiro
195002,1950-06-25T15:00,England,Chile,2,0,B,'Maracanã - Estádio Jornalista Mário Filho,Rio De Janeiro
195003,1950-06-25T15:00,Spain,USA,3,1,B,Durival de Brito,Curitiba
195004,1950-06-25T15:00,Sweden,Italy,3,2,C,Pacaembu,Sao Paulo
195005,1950-06-25T15:00,Yugoslavia,Switzerland,3,0,A,Independencia,Belo Horizonte
195006,1950-06-28T15:00,Brazil,Switzerland,2,2,A,Pacaembu,Sao Paulo
195007,1950-06-28T15:00,Yugoslavia,Mexico,4,1,A,Eucaliptos,Porto Alegre
195008,1950-06-29T15:00,Spain,Chile,2,0,B,'Maracanã - Estádio Jornalista Mário Filho,Rio De Janeiro
195009,1950-06-29T15:30,Sweden,Paraguay,2,2,C,Durival de Brito,Curitiba
195010,1950-06-29T15:00,USA,England,1,0,B,Independencia,Belo Horizonte
195011,1950-07-01T15:00,Brazil,Yugoslavia,2,0,A,'Maracanã - Estádio Jornalista Mário Filho,Rio De Janeiro
195012,1950-07-02T15:00,Spain,England,1,0,B,'Maracanã - Estádio Jornalista Mário Filho,Rio De Janeiro
195013,1950-07-02T15:00,Italy,Paraguay,2,0,C,Pacaembu,Sao Paulo
195016,1950-07-02T15:00,Uruguay,Bolivia,8,0,D,Independencia,Belo Horizonte
195014,1950-07-02T15:40,Switzerland,Mexico,2,1,A,Eucaliptos,Porto Alegre
195015,1950-07-02T15:00,Chile,USA,5,2,B,Ilha do Retiro,Recife
195017,1950-07-09T15:00,Uruguay,Spain,2,2,F,Pacaembu,Sao Paulo
195018,1950-07-09T15:00,Brazil,Sweden,7,1,F,'Maracanã - Estádio Jornalista Mário Filho,Rio De Janeiro
195019,1950-07-13T15:00,Brazil,Spain,6,1,F,'Maracanã - Estádio Jornalista Mário Filho,Rio De Janeiro
195020,1950-07-13T15:00,Uruguay,Sweden,3,2,F,Pacaembu,Sao Paulo
195021,1950-07-16T15:00,Sweden,Spain,3,1,F,Pacaembu,Sao Paulo
195022,1950-07-16T15:00,Uruguay,Brazil,2,1,F,'Maracanã - Estádio Jornalista Mário Filho,Rio De Janeiro
193801,1938-06-04T17:00,Switzerland,Germany,1,1,Final,Parc des Princes,Paris
193802,1938-06-05T17:00,Hungary,Dutch East Indies,6,0,Final,Velodrome Municipale,Reims
193803,1938-06-05T17:00,France,Belgium,3,1,Final,Stade Olympique,Colombes
193804,1938-06-05T17:00,Cuba,Romania,3,3,Final,Stade Municipal,Toulouse
193805,1938-06-05T17:00,Italy,Norway,2,1,Final,Stade Vélodrome,Marseilles
193806,1938-06-05T17:30,Brazil,Poland,6,5,Final,Stade de la Meinau,Strasbourg
193807,1938-06-05T18:30,Czechoslovakia,Netherlands,3,0,Final,Cavee Verte,Le Havre
193808,1938-06-09T18:00,Cuba,Romania,2,1,Final,Stade Municipal,Toulouse
193809,1938-06-09T18:00,Switzerland,Germany,4,2,Final,Parc des Princes,Paris
193810,1938-06-12T17:00,Brazil,Czechoslovakia,1,1,Quarter,Stade du Parc Lescure,Bordeaux
193811,1938-06-12T17:00,Hungary,Switzerland,2,0,Quarter,Victor Boucquey,Lille
193812,1938-06-12T17:00,Sweden,Cuba,8,0,Quarter,Fort Carree,Antibes
193813,1938-06-12T17:00,Italy,France,3,1,Quarter,Stade Olympique,Colombes
193814,1938-06-14T18:00,Brazil,Czechoslovakia,2,1,Quarter,Stade du Parc Lescure,Bordeaux
193815,1938-06-16T18:00,Hungary,Sweden,5,1,Semi,Parc des Princes,Paris
193816,1938-06-16T18:00,Italy,Brazil,2,1,Semi,Orange Vélodrome,Marseilles
193817,1938-06-19T17:00,Brazil,Sweden,4,2,Third,Stade du Parc Lescure,Bordeaux
193818,1938-06-19T17:00,Italy,Hungary,4,2,Final,Stade Olympique,Colombes
193402,1934-05-27T16:30,Austria,France,3,2,Final,Stadio Benito Mussolini,Turin
193405,1934-05-27T16:30,Hungary,Egypt,4,2,Final,Giorgio Ascarelli,Naples
193406,1934-05-27T16:30,Switzerland,Netherlands,3,2,Final,San Siro,Milan
193401,1934-05-27T16:30,Sweden,Argentina,3,2,Final,Littorale,Bologna
193403,1934-05-27T16:30,Germany,Belgium,5,2,Final,Giovanni Berta,Florence
193404,1934-05-27T16:30,Spain,Brazil,3,1,Final,Luigi Ferraris,Genoa
193407,1934-05-27T16:30,Italy,USA,7,1,Final,Nazionale PNF,Rome
193408,1934-05-27T16:30,Czechoslovakia,Romania,2,1,Final,Littorio,Trieste
193409,1934-05-31T16:30,Czechoslovakia,Switzerland,3,2,Quarter,Stadio Benito Mussolini,Turin
193410,1934-05-31T16:30,Germany,Sweden,2,1,Quarter,San Siro,Milan
193411,1934-05-31T16:30,Italy,Spain,1,1,Quarter,Giovanni Berta,Florence
193412,1934-05-31T16:30,Austria,Hungary,2,1,Quarter,Littorale,Bologna
193413,1934-06-01T16:30,Italy,Spain,1,0,Quarter,Giovanni Berta,Florence
193414,1934-06-03T16:30,Italy,Austria,1,0,Semi,San Siro,Milan
193415,1934-06-03T16:30,Czechoslovakia,Germany,3,1,Semi,Nazionale PNF,Rome
193416,1934-06-07T18:00,Germany,Austria,3,2,Third,Giorgio Ascarelli,Naples
193417,1934-06-10T17:30,Italy,Czechoslovakia,2,1,Final,Nazionale PNF,Rome
193001,1930-07-13T15:00,France,Mexico,4,1,A,Pocitos,Montevideo
193002,1930-07-13T15:00,USA,Belgium,3,0,D,Parque Central,Montevideo
193003,1930-07-14T12:45,Yugoslavia,Brazil,2,1,B,Parque Central,Montevideo
193004,1930-07-14T14:50,Romania,Peru,3,1,C,Pocitos,Montevideo
193005,1930-07-15T16:00,Argentina,France,1,0,A,Parque Central,Montevideo
193006,1930-07-16T14:45,Chile,Mexico,3,0,A,Parque Central,Montevideo
193007,1930-07-17T12:45,Yugoslavia,Bolivia,4,0,B,Parque Central,Montevideo
193008,1930-07-17T14:45,USA,Paraguay,3,0,D,Parque Central,Montevideo
193009,1930-07-18T14:30,Uruguay,Peru,1,0,C,Estadio Centenario,Montevideo
193010,1930-07-19T12:50,Chile,France,1,0,A,Estadio Centenario,Montevideo
193011,1930-07-19T15:00,Argentina,Mexico,6,3,A,Estadio Centenario,Montevideo
193012,1930-07-20T13:00,Brazil,Bolivia,4,0,B,Estadio Centenario,Montevideo
193013,1930-07-20T15:00,Paraguay,Belgium,1,0,D,Estadio Centenario,Montevideo
193014,1930-07-21T14:50,Uruguay,Romania,4,0,C,Estadio Centenario,Montevideo
193015,1930-07-22T14:45,Argentina,Chile,3,1,A,Estadio Centenario,Montevideo
193016,1930-07-26T14:45,Argentina,USA,6,1,Semi,Estadio Centenario,Montevideo
193017,1930-07-27T14:45,Uruguay,Yugoslavia,6,1,Semi,Estadio Centenario,Montevideo
193018,1930-07-30T14:15,Uruguay,Argentina,4,2,Final,Estadio Centenario,Montevideo